
-- phpMyAdmin SQL Dump
-- version 5.2.1
-- https://www.phpmyadmin.net/
--
-- Hôte : localhost
-- Généré le : jeu. 06 nov. 2025 à 20:10
-- Version du serveur : 8.0.41
-- Version de PHP : 8.3.2

SET SQL_MODE = "NO_AUTO_VALUE_ON_ZERO";
START TRANSACTION;
SET time_zone = "+00:00";


/*!40101 SET @OLD_CHARACTER_SET_CLIENT=@@CHARACTER_SET_CLIENT */;
/*!40101 SET @OLD_CHARACTER_SET_RESULTS=@@CHARACTER_SET_RESULTS */;
/*!40101 SET @OLD_COLLATION_CONNECTION=@@COLLATION_CONNECTION */;
/*!40101 SET NAMES utf8mb4 */;

--
-- Base de données : `cafes_db`
--

-- --------------------------------------------------------

--
-- Structure de la table `analytics_logs`
--

CREATE TABLE `analytics_logs` (
  `log_id` int NOT NULL,
  `order_id` int DEFAULT NULL,
  `cafe_id` int DEFAULT NULL,
  `item_id` int DEFAULT NULL,
  `quantity` int DEFAULT NULL,
  `total_price` decimal(10,2) DEFAULT NULL,
  `timestamp` datetime DEFAULT NULL
) ENGINE=InnoDB DEFAULT CHARSET=utf8mb4 COLLATE=utf8mb4_0900_ai_ci;

-- --------------------------------------------------------

--
-- Structure de la table `cafes`
--

CREATE TABLE `cafes` (
  `cafe_id` int NOT NULL,
  `name` varchar(100) DEFAULT NULL,
  `location` varchar(100) DEFAULT NULL,
  `access_code` varchar(20) DEFAULT NULL
) ENGINE=InnoDB DEFAULT CHARSET=utf8mb4 COLLATE=utf8mb4_0900_ai_ci;

--
-- Déchargement des données de la table `cafes`
--

INSERT INTO `cafes` (`cafe_id`, `name`, `location`, `access_code`) VALUES
(1, 'Cafe Salam', 'Agadir - Salam', 'AG123'),
(2, 'Cafe Dakhla', 'Agadir - Dakhla', 'DA456'),
(3, 'Cafe Talborjt', 'Agadir - Talborjt', 'TA789'),
(4, 'Cafe Agadir Bay', 'Agadir - Agadir Bay', 'AB101');

-- --------------------------------------------------------

--
-- Structure de la table `inventory`
--

CREATE TABLE `inventory` (
  `item_id` int NOT NULL,
  `cafe_id` int NOT NULL,
  `stock` int DEFAULT NULL,
  `restock_date` date DEFAULT NULL
) ENGINE=InnoDB DEFAULT CHARSET=utf8mb4 COLLATE=utf8mb4_0900_ai_ci;

-- --------------------------------------------------------

--
-- Structure de la table `menu_items`
--

CREATE TABLE `menu_items` (
  `item_id` int NOT NULL,
  `name` varchar(100) DEFAULT NULL,
  `description` text,
  `category` varchar(50) DEFAULT NULL,
  `price` decimal(10,2) DEFAULT NULL
) ENGINE=InnoDB DEFAULT CHARSET=utf8mb4 COLLATE=utf8mb4_0900_ai_ci;

--
-- Déchargement des données de la table `menu_items`
--

INSERT INTO `menu_items` (`item_id`, `name`, `description`, `category`, `price`) VALUES
(1, 'Espresso', 'Cafe noir fort et concentre', 'Boisson', 15.00),
(2, 'Cappuccino', 'Cafe espresso avec lait et mousse', 'Boisson', 22.00),
(3, 'Latte', 'Cafe au lait doux', 'Boisson', 20.00),
(4, 'The Marocain', 'The vert avec menthe', 'Boisson', 12.00),
(5, 'Jus d orange', 'Jus frais presse', 'Boisson', 18.00),
(6, 'Croissant', 'Patisserie au beurre', 'Viennoiserie', 10.00),
(7, 'Pain au chocolat', 'Viennoiserie fourree au chocolat', 'Viennoiserie', 12.00),
(8, 'Tarte au citron', 'Dessert sucre et acidule', 'Dessert', 20.00),
(9, 'Cheesecake', 'Gateau au fromage doux', 'Dessert', 25.00),
(10, 'Sandwich poulet', 'Poulet, salade et sauce', 'Snack', 28.00),
(11, 'Burger maison', 'Burger boeuf avec frites', 'Snack', 35.00),
(12, 'Salade Cesar', 'Poulet, parmesan, sauce cesar', 'Snack', 30.00),
(13, 'Milkshake vanille', 'Boisson sucree a la vanille', 'Boisson', 22.00),
(14, 'Smoothie fruits rouges', 'Melange de fruits rouges frais', 'Boisson', 25.00),
(15, 'Crepe Nutella', 'Crepe sucree avec Nutella', 'Dessert', 18.00),
(16, 'Omelette fromage', 'Oeufs et fromage fondant', 'Snack', 20.00),
(17, 'Cafe glace', 'Cafe froid avec glace vanille', 'Boisson', 23.00),
(18, 'Mocha', 'Cafe au lait et chocolat', 'Boisson', 24.00),
(19, 'Tiramisu', 'Dessert italien au cafe', 'Dessert', 26.00),
(20, 'Pancakes', 'Pancakes au sirop d erable', 'Dessert', 22.00);

-- --------------------------------------------------------

--
-- Structure de la table `orders`
--

CREATE TABLE `orders` (
  `order_id` int NOT NULL,
  `cafe_id` int DEFAULT NULL,
  `total_price` decimal(10,2) DEFAULT NULL,
  `created_at` datetime DEFAULT NULL
) ENGINE=InnoDB DEFAULT CHARSET=utf8mb4 COLLATE=utf8mb4_0900_ai_ci;

--
-- Déchargement des données de la table `orders`
--

INSERT INTO `orders` (`order_id`, `cafe_id`, `total_price`, `created_at`) VALUES
(1, 1, 45.00, '2025-10-28 09:15:00'),
(2, 1, 55.00, '2025-10-28 10:10:00'),
(3, 1, 60.00, '2025-10-28 10:45:00'),
(4, 1, 42.00, '2025-10-28 11:05:00'),
(5, 1, 80.00, '2025-10-28 12:30:00'),
(6, 1, 75.00, '2025-10-28 13:15:00'),
(7, 1, 48.00, '2025-10-28 14:00:00'),
(8, 1, 52.00, '2025-10-28 14:30:00'),
(9, 1, 44.00, '2025-10-28 15:00:00'),
(10, 1, 70.00, '2025-10-28 16:45:00'),
(11, 1, 55.00, '2025-10-28 17:15:00'),
(12, 1, 68.00, '2025-10-29 09:30:00'),
(13, 1, 59.00, '2025-10-29 10:10:00'),
(14, 1, 63.00, '2025-10-29 11:05:00'),
(15, 1, 72.00, '2025-10-29 12:00:00'),
(16, 1, 49.00, '2025-10-29 12:45:00'),
(17, 1, 84.00, '2025-10-29 13:30:00'),
(18, 1, 67.00, '2025-10-29 14:10:00'),
(19, 1, 40.00, '2025-10-29 15:00:00'),
(20, 1, 75.00, '2025-10-29 15:45:00'),
(21, 1, 56.00, '2025-10-29 16:30:00'),
(22, 1, 66.00, '2025-10-29 17:00:00'),
(23, 1, 71.00, '2025-10-30 09:00:00'),
(24, 1, 58.00, '2025-10-30 09:30:00'),
(25, 1, 77.00, '2025-10-30 10:15:00'),
(26, 1, 62.00, '2025-10-30 11:00:00'),
(27, 1, 90.00, '2025-10-30 12:00:00'),
(28, 1, 46.00, '2025-10-30 12:30:00'),
(29, 1, 55.00, '2025-10-30 13:00:00'),
(30, 1, 83.00, '2025-10-30 14:00:00'),
(31, 1, 59.00, '2025-10-30 15:00:00'),
(32, 1, 66.00, '2025-10-30 16:00:00'),
(33, 1, 72.00, '2025-10-31 09:10:00'),
(34, 1, 78.00, '2025-10-31 10:15:00'),
(35, 1, 47.00, '2025-10-31 11:10:00'),
(36, 1, 85.00, '2025-10-31 12:00:00'),
(37, 1, 50.00, '2025-10-31 13:00:00'),
(38, 1, 68.00, '2025-10-31 14:30:00'),
(39, 1, 75.00, '2025-10-31 15:15:00'),
(40, 1, 54.00, '2025-10-31 16:00:00'),
(41, 1, 80.00, '2025-10-31 16:45:00'),
(42, 1, 42.00, '2025-11-01 09:00:00'),
(43, 1, 65.00, '2025-11-01 09:30:00'),
(44, 1, 84.00, '2025-11-01 10:10:00'),
(45, 1, 50.00, '2025-11-01 11:00:00'),
(46, 1, 77.00, '2025-11-01 11:45:00'),
(47, 1, 49.00, '2025-11-01 12:15:00'),
(48, 1, 60.00, '2025-11-01 12:45:00'),
(49, 1, 68.00, '2025-11-01 13:30:00'),
(50, 1, 53.00, '2025-11-01 14:00:00'),
(51, 2, 82.00, '2025-10-28 09:10:00'),
(52, 2, 70.00, '2025-10-28 09:45:00'),
(53, 2, 95.00, '2025-10-28 10:30:00'),
(54, 2, 110.00, '2025-10-28 11:00:00'),
(55, 2, 90.00, '2025-10-28 12:15:00'),
(56, 2, 105.00, '2025-10-28 13:00:00'),
(57, 2, 88.00, '2025-10-28 14:00:00'),
(58, 2, 72.00, '2025-10-28 15:00:00'),
(59, 2, 65.00, '2025-10-28 16:15:00'),
(60, 2, 100.00, '2025-10-28 17:00:00'),
(61, 2, 92.00, '2025-10-29 09:30:00'),
(62, 2, 97.00, '2025-10-29 10:15:00'),
(63, 2, 88.00, '2025-10-29 11:00:00'),
(64, 2, 70.00, '2025-10-29 12:00:00'),
(65, 2, 75.00, '2025-10-29 13:15:00'),
(66, 2, 103.00, '2025-10-29 14:00:00'),
(67, 2, 95.00, '2025-10-29 15:00:00'),
(68, 2, 84.00, '2025-10-29 16:00:00'),
(69, 2, 110.00, '2025-10-30 09:10:00'),
(70, 2, 99.00, '2025-10-30 10:00:00'),
(71, 2, 87.00, '2025-10-30 10:30:00'),
(72, 2, 65.00, '2025-10-30 11:15:00'),
(73, 2, 102.00, '2025-10-30 12:30:00'),
(74, 2, 108.00, '2025-10-30 13:00:00'),
(75, 2, 74.00, '2025-10-30 14:00:00'),
(76, 2, 90.00, '2025-10-30 15:15:00'),
(77, 2, 79.00, '2025-10-31 09:00:00'),
(78, 2, 98.00, '2025-10-31 09:45:00'),
(79, 2, 68.00, '2025-10-31 10:30:00'),
(80, 2, 80.00, '2025-10-31 11:15:00'),
(81, 2, 92.00, '2025-10-31 12:00:00'),
(82, 2, 100.00, '2025-10-31 13:00:00'),
(83, 2, 88.00, '2025-10-31 14:00:00'),
(84, 2, 77.00, '2025-10-31 15:00:00'),
(85, 2, 102.00, '2025-11-01 09:10:00'),
(86, 2, 85.00, '2025-11-01 10:00:00'),
(87, 2, 79.00, '2025-11-01 10:45:00'),
(88, 2, 94.00, '2025-11-01 11:30:00'),
(89, 2, 109.00, '2025-11-01 12:15:00'),
(90, 2, 72.00, '2025-11-01 13:00:00'),
(91, 3, 95.00, '2025-10-28 09:00:00'),
(92, 3, 110.00, '2025-10-28 09:45:00'),
(93, 3, 125.00, '2025-10-28 10:30:00'),
(94, 3, 85.00, '2025-10-28 11:00:00'),
(95, 3, 97.00, '2025-10-28 11:45:00'),
(96, 3, 103.00, '2025-10-28 12:15:00'),
(97, 3, 120.00, '2025-10-28 12:45:00'),
(98, 3, 115.00, '2025-10-28 13:15:00'),
(99, 3, 88.00, '2025-10-28 13:45:00'),
(100, 3, 92.00, '2025-10-28 14:15:00'),
(101, 3, 130.00, '2025-10-28 15:00:00'),
(102, 3, 118.00, '2025-10-28 15:45:00'),
(103, 3, 90.00, '2025-10-28 16:15:00'),
(104, 3, 112.00, '2025-10-28 17:00:00'),
(105, 3, 107.00, '2025-10-29 09:10:00'),
(106, 3, 115.00, '2025-10-29 09:50:00'),
(107, 3, 98.00, '2025-10-29 10:30:00'),
(108, 3, 120.00, '2025-10-29 11:10:00'),
(109, 3, 110.00, '2025-10-29 11:45:00'),
(110, 3, 125.00, '2025-10-29 12:15:00'),
(111, 3, 117.00, '2025-10-29 12:45:00'),
(112, 3, 90.00, '2025-10-29 13:15:00'),
(113, 3, 108.00, '2025-10-29 14:00:00'),
(114, 3, 96.00, '2025-10-29 14:45:00'),
(115, 3, 123.00, '2025-10-29 15:30:00'),
(116, 3, 89.00, '2025-10-29 16:00:00'),
(117, 3, 132.00, '2025-10-29 16:45:00'),
(118, 3, 115.00, '2025-10-30 09:10:00'),
(119, 3, 119.00, '2025-10-30 09:50:00'),
(120, 3, 125.00, '2025-10-30 10:30:00'),
(121, 3, 100.00, '2025-10-30 11:15:00'),
(122, 3, 91.00, '2025-10-30 12:00:00'),
(123, 3, 128.00, '2025-10-30 12:45:00'),
(124, 3, 130.00, '2025-10-30 13:15:00'),
(125, 3, 87.00, '2025-10-30 14:00:00'),
(126, 3, 118.00, '2025-10-30 15:00:00'),
(127, 3, 125.00, '2025-10-30 16:00:00'),
(128, 3, 102.00, '2025-10-30 16:45:00'),
(129, 3, 109.00, '2025-10-31 09:15:00'),
(130, 3, 127.00, '2025-10-31 10:00:00'),
(131, 3, 120.00, '2025-10-31 10:45:00'),
(132, 3, 99.00, '2025-10-31 11:30:00'),
(133, 3, 115.00, '2025-10-31 12:15:00'),
(134, 3, 121.00, '2025-10-31 13:00:00'),
(135, 3, 90.00, '2025-10-31 13:45:00'),
(136, 3, 132.00, '2025-10-31 14:30:00'),
(137, 3, 125.00, '2025-10-31 15:00:00'),
(138, 4, 145.00, '2025-10-28 08:45:00'),
(139, 4, 160.00, '2025-10-28 09:30:00'),
(140, 4, 170.00, '2025-10-28 10:15:00'),
(141, 4, 120.00, '2025-10-28 10:45:00'),
(142, 4, 155.00, '2025-10-28 11:15:00'),
(143, 4, 165.00, '2025-10-28 11:45:00'),
(144, 4, 142.00, '2025-10-28 12:15:00'),
(145, 4, 138.00, '2025-10-28 12:45:00'),
(146, 4, 175.00, '2025-10-28 13:15:00'),
(147, 4, 152.00, '2025-10-28 13:45:00'),
(148, 4, 180.00, '2025-10-28 14:15:00'),
(149, 4, 145.00, '2025-10-28 14:45:00'),
(150, 4, 170.00, '2025-10-28 15:15:00'),
(151, 4, 133.00, '2025-10-28 15:45:00'),
(152, 4, 125.00, '2025-10-28 16:15:00'),
(153, 4, 159.00, '2025-10-28 16:45:00'),
(154, 4, 172.00, '2025-10-29 09:00:00'),
(155, 4, 165.00, '2025-10-29 09:30:00'),
(156, 4, 130.00, '2025-10-29 10:00:00'),
(157, 4, 145.00, '2025-10-29 10:30:00'),
(158, 4, 155.00, '2025-10-29 11:00:00'),
(159, 4, 162.00, '2025-10-29 11:30:00'),
(160, 4, 148.00, '2025-10-29 12:00:00'),
(161, 4, 175.00, '2025-10-29 12:30:00'),
(162, 4, 160.00, '2025-10-29 13:00:00'),
(163, 4, 180.00, '2025-10-29 13:30:00'),
(164, 4, 120.00, '2025-10-29 14:00:00'),
(165, 4, 142.00, '2025-10-29 14:30:00'),
(166, 4, 157.00, '2025-10-29 15:00:00'),
(167, 4, 165.00, '2025-10-29 15:30:00'),
(168, 4, 176.00, '2025-10-29 16:00:00'),
(169, 4, 150.00, '2025-10-29 16:30:00'),
(170, 4, 162.00, '2025-10-30 09:00:00'),
(171, 4, 175.00, '2025-10-30 09:30:00'),
(172, 4, 180.00, '2025-10-30 10:00:00'),
(173, 4, 155.00, '2025-10-30 10:30:00'),
(174, 4, 140.00, '2025-10-30 11:00:00'),
(175, 4, 178.00, '2025-10-30 11:30:00'),
(176, 4, 169.00, '2025-10-30 12:00:00'),
(177, 4, 160.00, '2025-10-30 12:30:00'),
(178, 4, 172.00, '2025-10-30 13:00:00'),
(179, 4, 165.00, '2025-10-30 13:30:00'),
(180, 4, 158.00, '2025-10-30 14:00:00'),
(181, 4, 140.00, '2025-10-30 14:30:00'),
(182, 4, 177.00, '2025-10-30 15:00:00'),
(183, 4, 175.00, '2025-10-30 15:30:00'),
(184, 4, 182.00, '2025-10-30 16:00:00'),
(185, 4, 135.00, '2025-10-30 16:30:00'),
(186, 4, 148.00, '2025-10-31 09:00:00'),
(187, 4, 152.00, '2025-10-31 09:30:00'),
(188, 4, 163.00, '2025-10-31 10:00:00'),
(189, 4, 160.00, '2025-10-31 10:30:00'),
(190, 4, 169.00, '2025-10-31 11:00:00'),
(191, 4, 140.00, '2025-10-31 11:30:00'),
(192, 4, 150.00, '2025-10-31 12:00:00'),
(193, 4, 155.00, '2025-10-31 12:30:00'),
(194, 4, 180.00, '2025-10-31 13:00:00'),
(195, 4, 175.00, '2025-10-31 13:30:00'),
(196, 4, 168.00, '2025-10-31 14:00:00'),
(197, 4, 145.00, '2025-10-31 14:30:00'),
(198, 4, 165.00, '2025-10-31 15:00:00'),
(199, 4, 172.00, '2025-10-31 15:30:00'),
(200, 4, 180.00, '2025-10-31 16:00:00');

-- --------------------------------------------------------

--
-- Structure de la table `order_items`
--

CREATE TABLE `order_items` (
  `order_item_id` int NOT NULL,
  `order_id` int DEFAULT NULL,
  `item_id` int DEFAULT NULL,
  `quantity` int DEFAULT NULL,
  `price` decimal(10,2) DEFAULT NULL
) ENGINE=InnoDB DEFAULT CHARSET=utf8mb4 COLLATE=utf8mb4_0900_ai_ci;

--
-- Déchargement des données de la table `order_items`
--

INSERT INTO `order_items` (`order_item_id`, `order_id`, `item_id`, `quantity`, `price`) VALUES
(1, 1, 1, 3, 45.00),
(2, 2, 1, 3, 45.00),
(3, 2, 6, 1, 10.00),
(4, 3, 3, 3, 60.00),
(5, 4, 1, 2, 30.00),
(6, 4, 4, 1, 12.00),
(7, 5, 11, 2, 70.00),
(8, 5, 6, 1, 10.00),
(9, 6, 9, 3, 75.00),
(10, 7, 18, 2, 48.00),
(11, 8, 19, 2, 52.00),
(12, 9, 2, 2, 44.00),
(13, 10, 11, 2, 70.00),
(14, 11, 1, 3, 45.00),
(15, 11, 6, 1, 10.00),
(16, 12, 10, 2, 56.00),
(17, 12, 4, 1, 12.00),
(18, 13, 2, 2, 44.00),
(19, 13, 1, 1, 15.00),
(20, 14, 18, 2, 48.00),
(21, 14, 1, 1, 15.00),
(22, 15, 18, 3, 72.00),
(23, 16, 19, 1, 26.00),
(24, 16, 17, 1, 23.00),
(25, 17, 10, 3, 84.00),
(26, 18, 19, 2, 52.00),
(27, 18, 1, 1, 15.00),
(28, 19, 3, 2, 40.00),
(29, 20, 9, 3, 75.00),
(30, 21, 10, 2, 56.00),
(31, 22, 2, 3, 66.00),
(32, 23, 10, 2, 56.00),
(33, 23, 1, 1, 15.00),
(34, 24, 18, 2, 48.00),
(35, 24, 6, 1, 10.00),
(36, 25, 5, 3, 54.00),
(37, 25, 17, 1, 23.00),
(38, 26, 19, 2, 52.00),
(39, 26, 6, 1, 10.00),
(40, 27, 12, 3, 90.00),
(41, 28, 17, 2, 46.00),
(42, 29, 1, 3, 45.00),
(43, 29, 6, 1, 10.00),
(44, 30, 3, 3, 60.00),
(45, 30, 17, 1, 23.00),
(46, 31, 2, 2, 44.00),
(47, 31, 1, 1, 15.00),
(48, 32, 2, 3, 66.00),
(49, 33, 18, 3, 72.00),
(50, 34, 19, 3, 78.00),
(51, 35, 11, 1, 35.00),
(52, 35, 4, 1, 12.00),
(53, 36, 9, 3, 75.00),
(54, 36, 6, 1, 10.00),
(55, 37, 9, 2, 50.00),
(56, 38, 10, 2, 56.00),
(57, 38, 4, 1, 12.00),
(58, 39, 9, 3, 75.00),
(59, 40, 5, 3, 54.00),
(60, 41, 11, 2, 70.00),
(61, 41, 6, 1, 10.00),
(62, 42, 1, 2, 30.00),
(63, 42, 4, 1, 12.00),
(64, 43, 9, 2, 50.00),
(65, 43, 1, 1, 15.00),
(66, 44, 10, 3, 84.00),
(67, 45, 9, 2, 50.00),
(68, 46, 5, 3, 54.00),
(69, 46, 17, 1, 23.00),
(70, 47, 19, 1, 26.00),
(71, 47, 17, 1, 23.00),
(72, 48, 3, 3, 60.00),
(73, 49, 10, 2, 56.00),
(74, 49, 4, 1, 12.00),
(75, 50, 11, 1, 35.00),
(76, 50, 5, 1, 18.00),
(77, 51, 18, 3, 72.00),
(78, 51, 6, 1, 10.00),
(79, 52, 11, 2, 70.00),
(80, 53, 9, 3, 75.00),
(81, 53, 3, 1, 20.00),
(82, 54, 12, 3, 90.00),
(83, 54, 3, 1, 20.00),
(84, 55, 12, 3, 90.00),
(85, 56, 11, 3, 105.00),
(86, 57, 19, 3, 78.00),
(87, 57, 6, 1, 10.00),
(88, 58, 18, 3, 72.00),
(89, 59, 9, 2, 50.00),
(90, 59, 1, 1, 15.00),
(91, 60, 12, 3, 90.00),
(92, 60, 6, 1, 10.00),
(93, 61, 18, 3, 72.00),
(94, 61, 3, 1, 20.00),
(95, 62, 9, 3, 75.00),
(96, 62, 2, 1, 22.00),
(97, 63, 19, 3, 78.00),
(98, 63, 6, 1, 10.00),
(99, 64, 11, 2, 70.00),
(100, 65, 9, 3, 75.00),
(101, 66, 19, 3, 78.00),
(102, 66, 9, 1, 25.00),
(103, 67, 9, 3, 75.00),
(104, 67, 3, 1, 20.00),
(105, 68, 10, 3, 84.00),
(106, 69, 12, 3, 90.00),
(107, 69, 3, 1, 20.00),
(108, 70, 10, 3, 84.00),
(109, 70, 1, 1, 15.00),
(110, 71, 9, 3, 75.00),
(111, 71, 4, 1, 12.00),
(112, 72, 9, 2, 50.00),
(113, 72, 1, 1, 15.00),
(114, 73, 12, 3, 90.00),
(115, 73, 4, 1, 12.00),
(116, 74, 12, 3, 90.00),
(117, 74, 5, 1, 18.00),
(118, 75, 10, 2, 56.00),
(119, 75, 5, 1, 18.00),
(120, 76, 12, 3, 90.00),
(121, 77, 17, 3, 69.00),
(122, 77, 6, 1, 10.00),
(123, 78, 19, 3, 78.00),
(124, 78, 3, 1, 20.00),
(125, 79, 10, 2, 56.00),
(126, 79, 4, 1, 12.00),
(127, 80, 11, 2, 70.00),
(128, 80, 6, 1, 10.00),
(129, 81, 18, 3, 72.00),
(130, 81, 3, 1, 20.00),
(131, 82, 12, 3, 90.00),
(132, 82, 6, 1, 10.00),
(133, 83, 19, 3, 78.00),
(134, 83, 6, 1, 10.00),
(135, 84, 5, 3, 54.00),
(136, 84, 17, 1, 23.00),
(137, 85, 12, 3, 90.00),
(138, 85, 4, 1, 12.00),
(139, 86, 9, 3, 75.00),
(140, 86, 6, 1, 10.00),
(141, 87, 17, 3, 69.00),
(142, 87, 6, 1, 10.00),
(143, 88, 10, 3, 84.00),
(144, 88, 6, 1, 10.00),
(145, 89, 10, 3, 84.00),
(146, 89, 9, 1, 25.00),
(147, 90, 18, 3, 72.00),
(148, 91, 9, 3, 75.00),
(149, 91, 3, 1, 20.00),
(150, 92, 12, 3, 90.00),
(151, 92, 3, 1, 20.00),
(152, 93, 11, 3, 105.00),
(153, 93, 3, 1, 20.00),
(154, 94, 9, 3, 75.00),
(155, 94, 6, 1, 10.00),
(156, 95, 9, 3, 75.00),
(157, 95, 2, 1, 22.00),
(158, 96, 19, 3, 78.00),
(159, 96, 9, 1, 25.00),
(160, 97, 11, 3, 105.00),
(161, 97, 1, 1, 15.00),
(162, 98, 11, 3, 105.00),
(163, 98, 6, 1, 10.00),
(164, 99, 19, 3, 78.00),
(165, 99, 6, 1, 10.00),
(166, 100, 18, 3, 72.00),
(167, 100, 3, 1, 20.00),
(168, 101, 11, 3, 105.00),
(169, 101, 9, 1, 25.00),
(170, 102, 12, 3, 90.00),
(171, 102, 10, 1, 28.00),
(172, 103, 12, 3, 90.00),
(173, 104, 12, 3, 90.00),
(174, 104, 2, 1, 22.00),
(175, 105, 10, 3, 84.00),
(176, 105, 17, 1, 23.00),
(177, 106, 11, 3, 105.00),
(178, 106, 6, 1, 10.00),
(179, 107, 19, 3, 78.00),
(180, 107, 3, 1, 20.00),
(181, 108, 11, 3, 105.00),
(182, 108, 1, 1, 15.00),
(183, 109, 12, 3, 90.00),
(184, 109, 3, 1, 20.00),
(185, 110, 11, 3, 105.00),
(186, 110, 3, 1, 20.00),
(187, 111, 11, 3, 105.00),
(188, 111, 4, 1, 12.00),
(189, 112, 12, 3, 90.00),
(190, 113, 12, 3, 90.00),
(191, 113, 5, 1, 18.00),
(192, 114, 10, 3, 84.00),
(193, 114, 4, 1, 12.00),
(194, 115, 11, 3, 105.00),
(195, 115, 5, 1, 18.00),
(196, 116, 17, 3, 69.00),
(197, 116, 3, 1, 20.00),
(198, 117, 11, 3, 105.00),
(199, 117, 1, 1, 15.00),
(200, 117, 4, 1, 12.00),
(201, 118, 11, 3, 105.00),
(202, 118, 6, 1, 10.00),
(203, 119, 10, 3, 84.00),
(204, 119, 11, 1, 35.00),
(205, 120, 11, 3, 105.00),
(206, 120, 3, 1, 20.00),
(207, 121, 12, 3, 90.00),
(208, 121, 6, 1, 10.00),
(209, 122, 17, 3, 69.00),
(210, 122, 2, 1, 22.00),
(211, 123, 11, 3, 105.00),
(212, 123, 17, 1, 23.00),
(213, 124, 11, 3, 105.00),
(214, 124, 9, 1, 25.00),
(215, 125, 9, 3, 75.00),
(216, 125, 4, 1, 12.00),
(217, 126, 12, 3, 90.00),
(218, 126, 10, 1, 28.00),
(219, 127, 11, 3, 105.00),
(220, 127, 3, 1, 20.00),
(221, 128, 12, 3, 90.00),
(222, 128, 4, 1, 12.00),
(223, 129, 10, 3, 84.00),
(224, 129, 9, 1, 25.00),
(225, 130, 11, 3, 105.00),
(226, 130, 2, 1, 22.00),
(227, 131, 11, 3, 105.00),
(228, 131, 1, 1, 15.00),
(229, 132, 10, 3, 84.00),
(230, 132, 1, 1, 15.00),
(231, 133, 11, 3, 105.00),
(232, 133, 6, 1, 10.00),
(233, 134, 10, 3, 84.00),
(234, 134, 9, 1, 25.00),
(235, 134, 4, 1, 12.00),
(236, 135, 12, 3, 90.00),
(237, 136, 11, 3, 105.00),
(238, 136, 3, 2, 40.00),
(239, 137, 11, 3, 105.00),
(240, 137, 1, 3, 45.00),
(241, 137, 6, 1, 10.00),
(242, 138, 11, 3, 105.00),
(243, 138, 9, 2, 50.00),
(244, 138, 1, 1, 15.00),
(245, 139, 11, 3, 105.00),
(246, 139, 1, 1, 15.00),
(247, 140, 11, 3, 105.00),
(248, 140, 9, 2, 50.00),
(249, 141, 11, 3, 105.00),
(250, 141, 3, 3, 60.00),
(251, 142, 11, 3, 105.00),
(252, 142, 9, 1, 25.00),
(253, 142, 4, 1, 12.00),
(254, 143, 11, 3, 105.00),
(255, 143, 17, 1, 23.00),
(256, 143, 6, 1, 10.00),
(257, 144, 11, 3, 105.00),
(258, 144, 11, 2, 70.00),
(259, 145, 11, 3, 105.00),
(260, 145, 11, 1, 35.00),
(261, 145, 4, 1, 12.00),
(262, 146, 11, 3, 105.00),
(263, 146, 9, 3, 75.00),
(264, 147, 11, 3, 105.00),
(265, 147, 3, 2, 40.00),
(266, 148, 11, 3, 105.00),
(267, 148, 9, 2, 50.00),
(268, 148, 1, 1, 15.00),
(269, 149, 11, 3, 105.00),
(270, 149, 10, 1, 28.00),
(271, 150, 11, 3, 105.00),
(272, 150, 3, 1, 20.00),
(273, 151, 11, 3, 105.00),
(274, 151, 5, 3, 54.00),
(275, 152, 11, 3, 105.00),
(276, 152, 19, 2, 52.00),
(277, 152, 1, 1, 15.00),
(278, 153, 11, 3, 105.00),
(279, 153, 3, 3, 60.00),
(280, 154, 11, 3, 105.00),
(281, 154, 9, 1, 25.00),
(282, 155, 11, 3, 105.00),
(283, 155, 3, 2, 40.00),
(284, 156, 11, 3, 105.00),
(285, 156, 9, 2, 50.00),
(286, 157, 11, 3, 105.00),
(287, 157, 1, 3, 45.00),
(288, 157, 4, 1, 12.00),
(289, 158, 11, 3, 105.00),
(290, 158, 10, 1, 28.00),
(291, 158, 1, 1, 15.00),
(292, 159, 11, 3, 105.00),
(293, 159, 11, 2, 70.00),
(294, 160, 11, 3, 105.00),
(295, 160, 1, 3, 45.00),
(296, 160, 6, 1, 10.00),
(297, 161, 11, 3, 105.00),
(298, 161, 9, 3, 75.00),
(299, 162, 11, 3, 105.00),
(300, 162, 1, 1, 15.00),
(301, 163, 11, 3, 105.00),
(302, 163, 9, 1, 25.00),
(303, 163, 4, 1, 12.00),
(304, 164, 11, 3, 105.00),
(305, 164, 19, 2, 52.00),
(306, 165, 11, 3, 105.00),
(307, 165, 3, 3, 60.00),
(308, 166, 11, 3, 105.00),
(309, 166, 10, 2, 56.00),
(310, 166, 1, 1, 15.00),
(311, 167, 11, 3, 105.00),
(312, 167, 1, 3, 45.00),
(313, 168, 11, 3, 105.00),
(314, 168, 1, 3, 45.00),
(315, 168, 4, 1, 12.00),
(316, 169, 11, 3, 105.00),
(317, 169, 11, 2, 70.00),
(318, 170, 11, 3, 105.00),
(319, 170, 9, 3, 75.00),
(320, 171, 11, 3, 105.00),
(321, 171, 9, 2, 50.00),
(322, 172, 11, 3, 105.00),
(323, 172, 11, 1, 35.00),
(324, 173, 11, 3, 105.00),
(325, 173, 9, 2, 50.00),
(326, 173, 17, 1, 23.00),
(327, 174, 11, 3, 105.00),
(328, 174, 5, 3, 54.00),
(329, 174, 6, 1, 10.00),
(330, 175, 11, 3, 105.00),
(331, 175, 1, 3, 45.00),
(332, 175, 6, 1, 10.00),
(333, 176, 11, 3, 105.00),
(334, 176, 19, 2, 52.00),
(335, 176, 1, 1, 15.00),
(336, 177, 11, 3, 105.00),
(337, 177, 3, 3, 60.00),
(338, 178, 11, 3, 105.00),
(339, 178, 11, 1, 35.00),
(340, 178, 5, 1, 18.00),
(341, 179, 11, 3, 105.00),
(342, 179, 11, 1, 35.00),
(343, 180, 11, 3, 105.00),
(344, 180, 18, 3, 72.00),
(345, 181, 11, 3, 105.00),
(346, 181, 11, 2, 70.00),
(347, 182, 11, 3, 105.00),
(348, 182, 5, 3, 54.00),
(349, 182, 17, 1, 23.00),
(350, 183, 11, 3, 105.00),
(351, 183, 1, 2, 30.00),
(352, 184, 11, 3, 105.00),
(353, 184, 10, 1, 28.00),
(354, 184, 1, 1, 15.00),
(355, 185, 11, 3, 105.00),
(356, 185, 11, 1, 35.00),
(357, 185, 4, 1, 12.00),
(358, 186, 11, 3, 105.00),
(359, 186, 18, 2, 48.00),
(360, 186, 6, 1, 10.00),
(361, 187, 11, 3, 105.00),
(362, 187, 1, 3, 45.00),
(363, 187, 6, 1, 10.00),
(364, 188, 11, 3, 105.00),
(365, 188, 5, 3, 54.00),
(366, 188, 6, 1, 10.00),
(367, 189, 11, 3, 105.00),
(368, 189, 11, 1, 35.00),
(369, 190, 11, 3, 105.00),
(370, 190, 1, 3, 45.00),
(371, 191, 11, 3, 105.00),
(372, 191, 9, 2, 50.00),
(373, 192, 11, 3, 105.00),
(374, 192, 9, 3, 75.00),
(375, 193, 11, 3, 105.00),
(376, 193, 11, 2, 70.00),
(377, 194, 11, 3, 105.00),
(378, 194, 18, 2, 48.00),
(379, 194, 1, 1, 15.00),
(380, 195, 11, 3, 105.00),
(381, 195, 3, 2, 40.00),
(382, 196, 11, 3, 105.00),
(383, 196, 3, 3, 60.00),
(384, 197, 11, 3, 105.00),
(385, 197, 19, 2, 52.00),
(386, 197, 1, 1, 15.00),
(387, 198, 11, 3, 105.00),
(388, 198, 9, 3, 75.00);

--
-- Index pour les tables déchargées
--

--
-- Index pour la table `analytics_logs`
--
ALTER TABLE `analytics_logs`
  ADD PRIMARY KEY (`log_id`),
  ADD KEY `order_id` (`order_id`),
  ADD KEY `cafe_id` (`cafe_id`),
  ADD KEY `item_id` (`item_id`);

--
-- Index pour la table `cafes`
--
ALTER TABLE `cafes`
  ADD PRIMARY KEY (`cafe_id`);

--
-- Index pour la table `inventory`
--
ALTER TABLE `inventory`
  ADD PRIMARY KEY (`item_id`,`cafe_id`),
  ADD KEY `cafe_id` (`cafe_id`);

--
-- Index pour la table `menu_items`
--
ALTER TABLE `menu_items`
  ADD PRIMARY KEY (`item_id`);

--
-- Index pour la table `orders`
--
ALTER TABLE `orders`
  ADD PRIMARY KEY (`order_id`),
  ADD KEY `cafe_id` (`cafe_id`);

--
-- Index pour la table `order_items`
--
ALTER TABLE `order_items`
  ADD PRIMARY KEY (`order_item_id`),
  ADD KEY `order_id` (`order_id`),
  ADD KEY `item_id` (`item_id`);

--
-- AUTO_INCREMENT pour les tables déchargées
--

--
-- AUTO_INCREMENT pour la table `analytics_logs`
--
ALTER TABLE `analytics_logs`
  MODIFY `log_id` int NOT NULL AUTO_INCREMENT;

--
-- AUTO_INCREMENT pour la table `cafes`
--
ALTER TABLE `cafes`
  MODIFY `cafe_id` int NOT NULL AUTO_INCREMENT, AUTO_INCREMENT=5;

--
-- AUTO_INCREMENT pour la table `menu_items`
--
ALTER TABLE `menu_items`
  MODIFY `item_id` int NOT NULL AUTO_INCREMENT, AUTO_INCREMENT=21;

--
-- AUTO_INCREMENT pour la table `orders`
--
ALTER TABLE `orders`
  MODIFY `order_id` int NOT NULL AUTO_INCREMENT, AUTO_INCREMENT=201;

--
-- AUTO_INCREMENT pour la table `order_items`
--
ALTER TABLE `order_items`
  MODIFY `order_item_id` int NOT NULL AUTO_INCREMENT, AUTO_INCREMENT=389;

--
-- Contraintes pour les tables déchargées
--

--
-- Contraintes pour la table `analytics_logs`
--
ALTER TABLE `analytics_logs`
  ADD CONSTRAINT `analytics_logs_ibfk_1` FOREIGN KEY (`order_id`) REFERENCES `orders` (`order_id`),
  ADD CONSTRAINT `analytics_logs_ibfk_2` FOREIGN KEY (`cafe_id`) REFERENCES `cafes` (`cafe_id`),
  ADD CONSTRAINT `analytics_logs_ibfk_3` FOREIGN KEY (`item_id`) REFERENCES `menu_items` (`item_id`);

--
-- Contraintes pour la table `inventory`
--
ALTER TABLE `inventory`
  ADD CONSTRAINT `inventory_ibfk_1` FOREIGN KEY (`item_id`) REFERENCES `menu_items` (`item_id`),
  ADD CONSTRAINT `inventory_ibfk_2` FOREIGN KEY (`cafe_id`) REFERENCES `cafes` (`cafe_id`);

--
-- Contraintes pour la table `orders`
--
ALTER TABLE `orders`
  ADD CONSTRAINT `orders_ibfk_1` FOREIGN KEY (`cafe_id`) REFERENCES `cafes` (`cafe_id`);

--
-- Contraintes pour la table `order_items`
--
ALTER TABLE `order_items`
  ADD CONSTRAINT `order_items_ibfk_1` FOREIGN KEY (`order_id`) REFERENCES `orders` (`order_id`),
  ADD CONSTRAINT `order_items_ibfk_2` FOREIGN KEY (`item_id`) REFERENCES `menu_items` (`item_id`);
COMMIT;

/*!40101 SET CHARACTER_SET_CLIENT=@OLD_CHARACTER_SET_CLIENT */;
/*!40101 SET CHARACTER_SET_RESULTS=@OLD_CHARACTER_SET_RESULTS */;
/*!40101 SET COLLATION_CONNECTION=@OLD_COLLATION_CONNECTION */;
